{
  "title": "Apollo.io Contact Scraper Input",
  "type": "object",
  "schemaVersion": 1,
  "properties": {
    "startUrls": {
      "title": "Start URLs",
      "type": "array",
      "description": "List of Apollo.io company or people URLs to scrape.",
      "editor": "requestListSources",
      "prefill": [
        {
          "url": "https://apollo.io/companies/example"
        },
        {
          "url": "https://apollo.io/companies/example2"
        }
      ]
    },
    "cookie": {
      "title": "Apollo.io Cookie",
      "type": "string",
      "description": "Paste your Apollo.io session cookie here for authenticated scraping."
    },
    "maxResults": {
      "title": "Max Results",
      "type": "integer",
      "description": "Number of contacts to scrape (100\u20132500).",
      "minimum": 100,
      "maximum": 2500,
      "default": 250
    },
    "concurrency": {
      "title": "Concurrency",
      "type": "integer",
      "description": "How many pages to scrape in parallel.",
      "default": 2
    },
    "filters": {
      "title": "Filters",
      "type": "object",
      "properties": {
        "emailOnly": {
          "title": "Email Only",
          "type": "boolean",
          "default": false
        },
        "phoneOnly": {
          "title": "Phone Only",
          "type": "boolean",
          "default": false
        }
      }
    }
  },
  "required": [
    "startUrls"
  ]
}